x values,Function values
1,0.785398
1.5,0.982794
2,1.10715
2.5,1.19029
3,1.24905
3.5,1.2925
4,1.32582
4.5,1.35213
5,1.3734
5.5,1.39094
6,1.40565
